Domain,Creation Date,Expiration Date,,,,
fococev.net,10-Jun,2020,21-Jul,2026,10/06/2020,21/07/2026
mondialhotel.com.vn,26-Oct,2017,5-Jul,2022,26/10/2017,05/07/2022
huonggiangtourist.com,20-Jun,2018,11-Jun,2022,20/06/2018,11/06/2022
thuekhh.vn,7-Aug,2018,15-Aug,2026,07/08/2018,15/08/2026
thuphi.urenconhatrang.com.vn,24-Sep,2018,30-Sep,2026,24/09/2018,30/09/2026
cherishhotel.com,1-Oct,2018,1-Oct,2022,01/10/2018,01/10/2022
cangvuhanghaiqni.gov.vn,26-Feb,2019,25-Mar,2026,26/02/2019,25/03/2026
goldhotelhue.com,22-Mar,2019,20-Mar,2024,22/03/2019,20/03/2024
cemc.com.vn,3-May,2019,10-Apr,2026,03/05/2019,10/04/2026
thlekimlang-hoavang.edu.vn,21-May,2019,21-Sep,2026,21/05/2019,21/09/2026
bvnhietdoikh.vn,3-Nov,2017,31-May,2026,03/11/2017,31/05/2026
congdoankontum.vn,13-Jun,2019,18-Dec,2026,13/06/2019,18/12/2026
lntnhatrang.vn,22-May,2017,11-Aug,2023,22/05/2017,11/08/2023
achaufood.com.vn,22-May,2017,27-Jun,2025,22/05/2017,27/06/2025
tatkhanh.com,22-May,2017,27-Jun,2025,22/05/2017,27/06/2025
pccs2-tthue.vn,22-May,2017,9-May,2020,22/05/2017,09/05/2020
tctdtt-tthue.edu.vn,22-May,2017,27-Jun,2025,22/05/2017,27/06/2025
xosohue.com.vn,22-May,2017,24-Feb,2026,22/05/2017,24/02/2026
nguyendanh.com.vn,22-May,2017,15-Nov,2022,22/05/2017,15/11/2022
doanhnghiephue.com.vn,22-May,2017,27-Jun,2027,22/05/2017,27/06/2027
thuydientatrach.com.vn,22-May,2017,19-Mar,2027,22/05/2017,19/03/2027
unimexhue.com.vn,22-May,2017,24-Apr,2020,22/05/2017,24/04/2020
bvqte.thuathienhue.gov.vn,29-May,2017,27-Jun,2025,29/05/2017,27/06/2025
aac.com.vn,15-Jun,2017,27-Jun,2025,15/06/2017,27/06/2025
c1vhai1-nt.khanhhoa.edu.vn,5-Jul,2017,2-Jan,2025,05/07/2017,02/01/2025
tientientour.com.vn,5-Jul,2017,27-Jun,2025,05/07/2017,27/06/2025
khaspexco.com.vn,5-Jul,2017,27-Jun,2025,05/07/2017,27/06/2025
pnmedical.com.vn,26-Sep,2017,27-Jun,2025,26/09/2017,27/06/2025
dichvuytekhanhhoa.vn,23-Oct,2017,29-May,2021,23/10/2017,29/05/2021
seadanang.com.vn,8-Jan,2018,23-Feb,2023,08/01/2018,23/02/2023
suonglinhkien.vn,15-Jan,2018,23-Oct,2018,15/01/2018,23/10/2018
nhatrangtex.com,26-Jul,2018,26-Jul,2026,26/07/2018,26/07/2026
dukdn.binhdinh.gov.vn,14-Aug,2018,13-Aug,2024,14/08/2018,13/08/2024
thuysanuytien.com,16-Aug,2018,16-Aug,2019,16/08/2018,16/08/2019
tuyhoatourist.com.vn,20-Aug,2018,19-Aug,2021,20/08/2018,19/08/2021
mamnonanhtuyet.edu.vn,12-Sep,2018,11-Sep,2019,12/09/2018,11/09/2019
danagreenfood.vn,13-Sep,2018,12-Sep,2019,13/09/2018,12/09/2019
vancanhbd.health.vn,20-Sep,2018,15-Sep,2028,20/09/2018,15/09/2028
gialaicoffee.com.vn,25-Sep,2018,5-Oct,2026,25/09/2018,05/10/2026
luatsukhanhhoa.vn,25-Sep,2018,24-Sep,2025,25/09/2018,24/09/2025
tinhdoangialai.org.vn,12-Oct,2018,12-Oct,2019,12/10/2018,12/10/2019
noithatsaigonxinh.com,15-Oct,2018,22-Mar,2023,15/10/2018,22/03/2023
emmhotels.com,16-Oct,2018,16-Oct,2019,16/10/2018,16/10/2019
bvminhhoa.com.vn,17-Oct,2018,17-Oct,2025,17/10/2018,17/10/2025
phanthanhdn.edu.vn,5-Nov,2018,30-Aug,2021,05/11/2018,30/08/2021
moitruongvietnhat.com,12-Nov,2018,12-Nov,2019,12/11/2018,12/11/2019
thanhbinh.gov.vn,17-Nov,2018,1-Nov,2022,17/11/2018,01/11/2022
phanquang.com.vn,17-Nov,2018,28-Jul,2026,17/11/2018,28/07/2026
khangphuhotel.com,17-Nov,2018,17-Nov,2019,17/11/2018,17/11/2019
qcvn-tcvn.com.vn,21-Nov,2018,12-Apr,2026,21/11/2018,12/04/2026
thcsso1namly.edu.vn,14-Dec,2018,22-Oct,2020,14/12/2018,22/10/2020
congdoankh.org.vn,28-Dec,2018,1-Jan,2026,28/12/2018,01/01/2026
qlgs-skhdt.quangbinh.gov.vn,9-Jan,2019,31-Dec,2021,09/01/2019,31/12/2021
hoangtunghotel.com.vn,21-Feb,2019,29-Jul,2019,21/02/2019,29/07/2019
myson.vn,23-Feb,2019,11-Feb,2025,23/02/2019,11/02/2025
comnieuvietdanang.com.vn,4-Mar,2019,4-Mar,2026,04/03/2019,04/03/2026
banmethuothoneybee.com.vn,7-Mar,2019,28-Feb,2021,07/03/2019,28/02/2021
ipcphuyen.gov.vn,8-Mar,2019,25-Apr,2023,08/03/2019,25/04/2023
cct.nhatrang.net.vn,11-Mar,2019,30-May,2025,11/03/2019,30/05/2025
vklandnt.com.vn,11-Mar,2019,12-Mar,2020,11/03/2019,12/03/2020
nvtroi.khanhhoa.edu.vn,4-Apr,2019,14-Apr,2020,04/04/2019,14/04/2020
thuyduonghotel-hoian.com,4-Apr,2019,4-Apr,2026,04/04/2019,04/04/2026
nhatrangeasyrider.vn,3-May,2019,4-May,2026,03/05/2019,04/05/2026
emerg.vn,7-May,2019,6-May,2020,07/05/2019,06/05/2020
vwdng.com.vn,7-May,2019,6-May,2021,07/05/2019,06/05/2021
c2tvuong-nt.khanhhoa.edu.vn,10-May,2019,6-Sep,2026,10/05/2019,06/09/2026
fpabinhdinh.com.vn,11-May,2019,26-Feb,2027,11/05/2019,26/02/2027
vnptquangbinh.com.vn,24-May,2019,15-Jun,2027,24/05/2019,15/06/2027
cdc.thuathienhue.vn,24-May,2019,23-May,2020,24/05/2019,23/05/2020
greenforestfurniture.com.vn,23-Jul,2017,27-Jun,2025,23/07/2017,27/06/2025
khaithacthuyloiquangbinh.com.vn,29-May,2019,27-Jun,2025,29/05/2019,27/06/2025
danangupi.vn,3-Jun,2019,18-Jul,2022,03/06/2019,18/07/2022
thcsnguyentriphuong-hoavang.edu.vn,14-Jun,2019,14-Jul,2021,14/06/2019,14/07/2021
fscv.gov.vn,6-Sep,2019,2-Mar,2028,06/09/2019,02/03/2028
ipc.quangngai.gov.vn,8-Jun,2020,29-Jun,2026,08/06/2020,29/06/2026
thpttrunghoa.edu.vn,23-Feb,2021,2-Nov,2023,23/02/2021,02/11/2023
thpttuyenhoa.edu.vn,25-Nov,2021,25-Nov,2022,25/11/2021,25/11/2022
victorianhatranghotel.com.vn,15-Aug,2022,2-Aug,2024,15/08/2022,02/08/2024
vanthuanthanh.vn,6-Oct,2022,5-Jun,2026,06/10/2022,05/06/2026
vinaphonebacninh.com.vn,11-Jul,2017,1-Aug,2026,11/07/2017,01/08/2026
bhxhthuathienhue.vn,22-Nov,2024,4-May,2026,22/11/2024,04/05/2026
